<?xml version='1.0' encoding='utf-8'?>
<!--
	Licensed to the Apache Software Foundation (ASF) under one or more
	contributor license agreements.  See the NOTICE file distributed with
	this work for additional information regarding copyright ownership.
	The ASF licenses this file to You under the Apache License, Version 2.0
	(the "License"); you may not use this file except in compliance with
	the License.  You may obtain a copy of the License at

			http://www.apache.org/licenses/LICENSE-2.0

	Unless required by applicable law or agreed to in writing, software
	distributed under the License is distributed on an "AS IS" BASIS,
	WITHOUT WARRANTIES OR CONDITIONS OF ANY KIND, either express or implied.
	See the License for the specific language governing permissions and
	limitations under the License.
-->
<!-- Note:  A "Server" is not itself a "Container", so you may not
		 define subcomponents such as "Valves" at this level.
		 Documentation at /docs/config/server.html
 -->
<Server port="8005" shutdown="SHUTDOWN">
  <!-- TomEE plugin for Tomcat -->
  <Listener className="org.apache.tomee.loader.OpenEJBListener" />
	<!-- Security listener. Documentation at /docs/config/listeners.html
	<Listener className="org.apache.catalina.security.SecurityListener" />
	-->
	<!--APR library loader. Documentation at /docs/apr.html -->
	<Listener className="org.apache.catalina.core.AprLifecycleListener" SSLEngine="on" />
	<!--Initialize Jasper prior to webapps are loaded. Documentation at /docs/jasper-howto.html -->
	<Listener className="org.apache.catalina.core.JasperListener" />
	<!-- Prevent memory leaks due to use of particular java/javax APIs-->
	<Listener className="org.apache.catalina.core.JreMemoryLeakPreventionListener" />
	<Listener className="org.apache.catalina.mbeans.GlobalResourcesLifecycleListener" />
	<Listener className="org.apache.catalina.core.ThreadLocalLeakPreventionListener" />

	<!-- Global JNDI resources
			 Documentation at /docs/jndi-resources-howto.html
	-->
	<GlobalNamingResources>
		<!-- Editable user database that can also be used by
				 UserDatabaseRealm to authenticate users
		-->
		<Resource name="UserDatabase" auth="Container"
			type="org.apache.catalina.UserDatabase"
			description="User database that can be updated and saved"
			factory="org.apache.catalina.users.MemoryUserDatabaseFactory"
			pathname="conf/tomcat-users.xml" />

		
		<!--
			Some of our customers on old versions use MySQL.A ll upgraded customers use MS SQL.

			The only setting difference are two attributes: driverClassName and url.
			For MySQL:
				driverClassName="com.mysql.jdbc.Driver"
				url="jdbc:mysql://localhost:3306/heartbeat?zeroDateTimeBehavior=convertToNull&amp;"
			For MS SQL:
				driverClassName="com.microsoft.sqlserver.jdbc.SQLServerDriver"
				url="jdbc:sqlserver://172.16.185.130:1433;instanceName=MSSQLSERVER;database=heartbeat;"				
		-->
		<Resource name="jdbc/heartbeatdb" auth="Container" type="javax.sql.DataSource"
			maxActive="200" maxIdle="30" maxWait="10000"
			username="heartbeat" password="heartbeat"
			
			driverClassName="com.microsoft.sqlserver.jdbc.SQLServerDriver"
			url="jdbc:sqlserver://172.16.218.160:1433;database=heartbeat;"
			
			validationQuery="SELECT 1"
			testWhileIdle="true"
			timeBetweenEvictionRunsMillis="3600000"
			numTestsPerEvictionRun="30"
			minEvictableIdleTimeMillis="14400000"
			removeAbandoned="true"
			removeAbandonedTimeout="300"
			logAbandoned="true"/>
 

		<!--
			Some of our customers on old versions use MySQL.A ll upgraded customers use MS SQL.

			The only setting difference are two attributes: driverClassName and url.
			For MySQL:
				driverClassName="com.mysql.jdbc.Driver"
				url=jdbc:mysql://localhost:3306/ejabberd?zeroDateTimeBehavior=convertToNull&amp;"
			For MS SQL:
				driverClassName="com.microsoft.sqlserver.jdbc.SQLServerDriver"
				url="jdbc:sqlserver://172.16.185.130:1433;instanceName=MSSQLSERVER;database=ejabberd;"
		-->
		<Resource name="jdbc/ejabberddb" auth="Container" type="javax.sql.DataSource"
			maxActive="200" maxIdle="30" maxWait="10000"
			username="ejabberd" password="ejabberd"
			driverClassName="com.microsoft.sqlserver.jdbc.SQLServerDriver"
			url="jdbc:sqlserver://172.16.218.160:1433;database=ejabberd;"
			validationQuery="SELECT 1"
			testWhileIdle="true"
			timeBetweenEvictionRunsMillis="3600000"
			numTestsPerEvictionRun="30"
			minEvictableIdleTimeMillis="14400000"/>
 
		
		<Resource auth="Container"
			name="jms/ConnectionFactory"
			type="org.apache.activemq.ActiveMQConnectionFactory"
			description="JMS Connection Factory"
			factory="org.apache.activemq.jndi.JNDIReferenceFactory"
			brokerURL="nio://127.0.0.1:61616"
			brokerName="MyActiveMQBroker"/>
			
		
		<Resource auth="Container"
			name="jms/heartbeatEventDispatcherQueue"
			type="org.apache.activemq.command.ActiveMQQueue"
			description="JMS queue"
			factory="org.apache.activemq.jndi.JNDIReferenceFactory"
			physicalName="com.mh.heartbeat.event.dispatcher.queue"/>
				 
											 
	</GlobalNamingResources>

	<!-- A "Service" is a collection of one or more "Connectors" that share
			 a single "Container" Note:  A "Service" is not itself a "Container",
			 so you may not define subcomponents such as "Valves" at this level.
			 Documentation at /docs/config/service.html
	 -->
	<Service name="Catalina">

	 <!--The connectors can use a shared executor, you can define one or more named thread pools-->
		<!--
		<Executor name="tomcatThreadPool" namePrefix="catalina-exec-"
				maxThreads="150" minSpareThreads="4"/>
		-->


		<Connector port="8080" protocol="HTTP/1.1"
							 connectionTimeout="20000"
							 redirectPort="8443" />
		
		<Connector port="8443" protocol="org.apache.coyote.http11.Http11NioProtocol" SSLEnabled="true"  
							 maxThreads="150" scheme="https" secure="true"  
							 clientAuth="false" sslProtocol="TLS" 
							 keystoreFile="/Library/Tomcat/keystore"
				 keystorePass="changeit" />


		<!-- An Engine represents the entry point (within Catalina) that processes
				 every request.  The Engine implementation for Tomcat stand alone
				 analyzes the HTTP headers included with the request, and passes them
				 on to the appropriate Host (virtual host).
				 Documentation at /docs/config/engine.html -->

		<!-- You should set jvmRoute to support load-balancing via AJP ie :
		<Engine name="Catalina" defaultHost="localhost" jvmRoute="jvm1">
		-->
		<Engine name="Catalina" defaultHost="localhost">

			<!--For clustering, please take a look at documentation at:
					/docs/cluster-howto.html  (simple how to)
					/docs/config/cluster.html (reference documentation) -->
			<!--
			<Cluster className="org.apache.catalina.ha.tcp.SimpleTcpCluster"/>
			-->

			<!-- Use the LockOutRealm to prevent attempts to guess user passwords
					 via a brute-force attack -->
			<Realm className="org.apache.catalina.realm.LockOutRealm">
				<!-- This Realm uses the UserDatabase configured in the global JNDI
						 resources under the key "UserDatabase".  Any edits
						 that are performed against this UserDatabase are immediately
						 available for use by the Realm.  -->
				<Realm className="org.apache.catalina.realm.UserDatabaseRealm"
							 resourceName="UserDatabase"/>
			</Realm>

			 <!--Combined LDAP/Heartbeat auth configuration -->
		<Realm className="org.apache.catalina.realm.CombinedRealm" >
		
		<!-- LDAP auth -->
		<!--<Realm   className="org.apache.catalina.realm.mhJNDIRealm"
					 connectionURL="ldaps://10.10.10.28:636"
				 connectionURL2="ldaps://10.10.10.46:636"
					 userBase="cn=Users,dc=mhqa,dc=local"
						 allRolesMode="authOnly"/>
		-->
		
		
				<!-- Heartbeat database failover auth -->
			<Realm className="org.apache.catalina.realm.DataSourceRealm" debug="99"
					 dataSourceName="jdbc/heartbeatdb" localDataSource="true" digest="MD5"
					 userTable="hb_user" userNameCol="userName" userCredCol="password"
					 userRoleTable="hb_user" roleNameCol="sysRoleName"/> 
			</Realm>

	<Host name="localhost"  
			unpackWARs="true" autoDeploy="true">

		<Valve className="org.apache.catalina.valves.AccessLogValve" directory="logs"
							 prefix="localhost_access_log." suffix=".txt"
							 pattern="%h %l %u %t &quot;%r&quot; %s %b" />

			</Host>
		</Engine>
	</Service>
</Server>
